{"rmse": 64.66794584473293, "mae": 43.76363692230225, "r2": 0.8682044656336381}